{
  "total_return": 0.002631362403191044,
  "sharpe_ratio": 1.349581365115215,
  "sortino_ratio": 2.2833639120491283,
  "calmar_ratio": 3.792217544572278,
  "max_drawdown": 0.0014571582409902202,
  "max_drawdown_peak_step": 92,
  "max_drawdown_trough_step": 104,
  "current_drawdown": 0.0002533745462449857,
  "volatility": 0.004095377635967535,
  "win_rate": 0.0,
  "profit_factor": 0.0,
  "num_trades": 643,
  "benchmark_comparison": {
    "strategy_return": 0.002631362403191044,
    "benchmark_return": 0.06391565330867051,
    "alpha": 0.0011081420817612797,
    "beta": 0.02383172576009844,
    "information_ratio": -0.8860704905543954,
    "tracking_error": 0.15432522292239323
  },
  "agent_attribution": {
    "research_risk": {
      "agent_id": "research_risk",
      "total_pnl": 0.0,
      "num_trades": 317,
      "win_rate": 0.0,
      "avg_pnl_per_trade": 0.0,
      "contribution_pct": 0.0
    },
    "research_trader": {
      "agent_id": "research_trader",
      "total_pnl": 75.27979853548861,
      "num_trades": 300,
      "win_rate": 0.20333333333333334,
      "avg_pnl_per_trade": 0.25093266178496204,
      "contribution_pct": 1.0743310215199626
    },
    "research_analyst": {
      "agent_id": "research_analyst",
      "total_pnl": -5.208473192036452,
      "num_trades": 26,
      "win_rate": 0.07692307692307693,
      "avg_pnl_per_trade": -0.200325892001402,
      "contribution_pct": -0.07433102151996272
    }
  },
  "equity_curve": [
    1000000.0,
    999999.7712686239,
    1000000.0211506861,
    999999.9124447268,
    999993.2180642576,
    999992.8145404202,
    999992.0899638622,
    999933.8637624423,
    999933.295256568,
    999932.7021380904,
    999930.9561153472,
    999931.5403287447,
    999931.6322074223,
    999930.8146409896,
    999930.6740805921,
    999916.7313299021,
    999914.9326361452,
    999912.7067950577,
    999917.0585752263,
    999922.2249893303,
    999923.7273625038,
    999923.0971981271,
    999925.8633536851,
    999928.3363365919,
    999921.388230022,
    999916.5294538348,
    999913.0552337547,
    999915.5772071203,
    999906.5875578139,
    999901.764516197,
    999898.0211040155,
    999902.9445715769,
    999900.9615833565,
    999900.4508056975,
    999902.0595508199,
    999897.4951414032,
    999895.4288811303,
    999893.5915698841,
    999880.3672373364,
    999884.725714156,
    999679.7334043806,
    999674.0169096943,
    999683.3182827343,
    999677.154370746,
    999668.9083430062,
    999668.891959693,
    999664.8165905235,
    999668.6919234628,
    999682.5524342977,
    999682.8647888828,
    999684.3368747155,
    999675.9066655032,
    999679.2522919194,
    999667.1882420484,
    999473.8269182444,
    999467.2968815775,
    999509.4238234482,
    999503.9424687661,
    1000978.1437555542,
    1001674.951264183,
    1001674.0977920461,
    1001662.1457964464,
    1001646.6836180781,
    1001658.912954807,
    1001648.7393368949,
    1001664.2418604472,
    1001456.6154278289,
    1001466.4935682433,
    1001470.4045559559,
    1001445.7722935771,
    1001465.0980553805,
    1001466.0364659844,
    1001472.8226758627,
    1001445.9066951929,
    1001468.22673854,
    1001474.9441593629,
    1001486.6681631948,
    1001490.0271980554,
    1001463.672765393,
    1001486.2491947231,
    1001488.5506830957,
    1001465.8890286033,
    1001491.3895865014,
    1001535.7374158442,
    1001560.1954023837,
    1001559.3293616906,
    1001561.6797743507,
    1001547.8093481536,
    1001540.3946785505,
    1002652.7094883113,
    1002685.4637755807,
    1002696.3935763934,
    1002726.7380230234,
    1002707.4442019253,
    1002698.6141287608,
    1001791.8927096551,
    1001716.3307643266,
    1001740.3479200049,
    1001733.9151584912,
    1001757.5513760702,
    1001742.4956974972,
    1001748.1461403234,
    1001772.3106115627,
    1001769.0885074156,
    1001265.6064932519,
    1001284.2613019076,
    1002010.5165981621,
    1002008.474899156,
    1002023.4547754483,
    1002042.8446209116,
    1001479.4702580594,
    1001495.9527631222,
    1001487.9478681653,
    1001477.6151134105,
    1001485.3059379449,
    1002885.4680535948,
    1002523.4587550649,
    1002576.7742188872,
    1002603.5613436885,
    1002607.7619554646,
    1002631.362403191
  ]
}