{
  "summary": "Research-Grade FinAgents Report\nTotal return: 0.16%\nSharpe ratio: -263.76\nMax drawdown: 0.00%",
  "financial_metrics": {
    "total_return": 0.0015929543215621902,
    "annualized_return": 0.001594208086543203,
    "sharpe_ratio": -263.7645178127493,
    "sortino_ratio": -788.6637060917162,
    "calmar_ratio": 64.06719619474504,
    "information_ratio": 0.0,
    "omega_ratio": 24.36537391206485,
    "max_drawdown": 2.4883375287679034e-05,
    "volatility": 0.00014561111553944338,
    "win_rate": 0.0,
    "profit_factor": 0.0,
    "cost_adjusted_return": 0.0015929543215621902,
    "num_trades": 0
  },
  "ai_metrics": {
    "decision_accuracy": 1.0,
    "precision": 0.0,
    "recall": 0.0,
    "f1_score": 0.0,
    "confidence_calibration_ece": 0.0,
    "explainability_score": 0.0,
    "learning_rate_metric": 0.0,
    "agent_agreement_rate": 0.0
  }
}