{
  "total_return": 0.005824251727237715,
  "sharpe_ratio": 0.9035632351499602,
  "sortino_ratio": 1.3124292151131511,
  "calmar_ratio": 1.7915771365470543,
  "max_drawdown": 0.0032509075989119412,
  "max_drawdown_peak_step": 229,
  "max_drawdown_trough_step": 252,
  "current_drawdown": 0.0032509075989119412,
  "volatility": 0.006450251213090478,
  "win_rate": 0.0,
  "profit_factor": 0.0,
  "num_trades": 2199,
  "benchmark_comparison": {
    "strategy_return": 0.005824251727237715,
    "benchmark_return": 0.08591575946169952,
    "alpha": 0.0013561705466256626,
    "beta": 0.05200537373593122,
    "information_ratio": -0.7954601811944758,
    "tracking_error": 0.10365730831058054
  },
  "agent_attribution": {
    "research_risk": {
      "agent_id": "research_risk",
      "total_pnl": 0.0,
      "num_trades": 1069,
      "win_rate": 0.0,
      "avg_pnl_per_trade": 0.0,
      "contribution_pct": 0.0
    },
    "research_trader": {
      "agent_id": "research_trader",
      "total_pnl": 185.18689509304923,
      "num_trades": 1047,
      "win_rate": 0.1556829035339064,
      "avg_pnl_per_trade": 0.17687382530377194,
      "contribution_pct": 0.7656229092862503
    },
    "research_analyst": {
      "agent_id": "research_analyst",
      "total_pnl": 56.69052634629767,
      "num_trades": 83,
      "win_rate": 0.13253012048192772,
      "avg_pnl_per_trade": 0.6830183897144299,
      "contribution_pct": 0.23437709071374968
    }
  },
  "equity_curve": [
    1000000.0,
    999999.7992802127,
    999999.7807713887,
    999999.636356844,
    999997.4078508081,
    999997.1408926217,
    999996.2835869186,
    999933.7304298106,
    999932.6880054569,
    999931.3830891347,
    999932.5492442629,
    999933.9603347785,
    999937.0213035195,
    999937.2023484457,
    999937.0540220535,
    999915.3287799512,
    999906.2353974689,
    999905.3204157348,
    999903.847151423,
    999905.056903266,
    999905.3680728822,
    999905.7339790608,
    999903.2253528868,
    999900.0350663008,
    999900.8239329254,
    999902.5121835154,
    999894.9870407305,
    999893.7111556208,
    999893.0446275413,
    999897.2843397225,
    999894.827583645,
    999891.8603090505,
    999887.2186173603,
    999885.9400314577,
    999922.168310659,
    999925.6536322738,
    999928.77233169,
    999921.5519302404,
    999926.7094916254,
    999925.4630954723,
    999615.1052884564,
    999613.1843033336,
    999619.7861770396,
    999622.3679472847,
    999618.7002221661,
    999624.7497725,
    999629.7896795546,
    999623.6148129882,
    999629.0454201062,
    999627.5865569272,
    999641.803009359,
    999645.1657045565,
    999642.8373232167,
    999639.3336917667,
    999489.2159204397,
    999498.3571037721,
    999487.6153127941,
    999113.43946018,
    1000599.5194536704,
    1000525.5231582038,
    1000531.3479398419,
    1000539.1729394364,
    1000543.3412519796,
    1000186.4724933669,
    1000188.0001766856,
    1000193.5405708591,
    999944.614207107,
    999942.2277412042,
    999935.3765094292,
    999347.3482481447,
    999369.6020605961,
    999368.1366181341,
    999384.7228146483,
    999384.5283259839,
    999383.3013218222,
    999384.8753612987,
    999376.4417403092,
    999360.2728360859,
    999345.9982519761,
    999337.1347509965,
    999340.4970906959,
    999326.5635910447,
    999325.7919179908,
    999357.160088136,
    999348.0588066124,
    999357.4485172364,
    999351.7898418626,
    999361.6321490301,
    999351.0173930549,
    1001216.9722650752,
    1001217.9750009115,
    1001202.6957339142,
    1001198.1481806169,
    1001192.1663832781,
    1001227.4753789346,
    1001204.7911347888,
    1001201.0534083587,
    1000925.646008631,
    1001034.2100297626,
    1001040.7675341431,
    1001023.8710864924,
    1001019.2093642314,
    1001021.3649210391,
    1001018.9543916963,
    1001037.5178386545,
    1001012.8494606143,
    1002016.4998671868,
    1002027.2226005979,
    1002014.4260196642,
    1001983.1084228257,
    1001941.4696080487,
    1001915.8534692288,
    1001951.5568589525,
    1001931.2474944947,
    1001934.6130285854,
    1003127.4627661937,
    1002720.4964070277,
    1002755.8665573533,
    1002746.370417901,
    1002769.6311868334,
    1002803.1664528126,
    1002767.7478554343,
    1004609.1650136464,
    1004613.851651708,
    1004635.4007309086,
    1004655.260449206,
    1004654.159506703,
    1008082.6654584843,
    1008070.797691329,
    1008096.8749993776,
    1008061.9830410108,
    1008039.7001385161,
    1008058.5950341827,
    1008092.3191536214,
    1008100.2573966807,
    1008152.5729717216,
    1006368.0250003093,
    1006356.8404054334,
    1006331.2352497379,
    1006291.1847066685,
    1006212.2236768001,
    1006255.5039594091,
    1006246.5747037003,
    1006204.8716928154,
    1006556.9823268699,
    1006577.8313822603,
    1006622.1858626766,
    1006309.2278177533,
    1006296.7840326095,
    1006309.2118705692,
    1006354.8410834575,
    1006365.0949247316,
    1006319.4826478082,
    1006373.5411011212,
    1006418.3711363404,
    1006628.2284762467,
    1006664.7894338022,
    1006663.0026166189,
    1006670.1579177562,
    1006675.6966348421,
    1006643.5574127131,
    1006651.5500520677,
    1006674.2362053205,
    1006643.8357811052,
    1006051.225989642,
    1006053.4847490892,
    1006045.9023472732,
    1006074.8014095807,
    1006076.0768230337,
    1006063.8956698232,
    1006075.3934084408,
    1006036.1681298683,
    1006070.0154979929,
    1006069.4693606672,
    1006063.3457083959,
    1006033.6198318768,
    1006048.2267506095,
    1006033.2475296118,
    1006049.3110603644,
    1006046.0029112948,
    1006066.695408204,
    1006078.3129789126,
    1006101.1311585872,
    1006176.4011325357,
    1006135.1446616567,
    1006164.3258605548,
    1006116.8951767922,
    1006171.2490503517,
    1006146.1810658919,
    1006141.1019523105,
    1006158.977245321,
    1006129.2774997023,
    1005587.2197864804,
    1005616.1805410826,
    1005588.770971373,
    1005584.0576773861,
    1005541.9142854665,
    1005523.9362245627,
    1005540.7045878938,
    1005480.9229022473,
    1005464.917397787,
    1005471.790748394,
    1005478.1451261012,
    1005520.5156469867,
    1005528.4624299748,
    1005045.3897749069,
    1005039.3671161552,
    1005043.6659229151,
    1005071.7672522105,
    1005107.3249727763,
    1005114.7093156804,
    1005117.0480342316,
    1005164.9417354224,
    1005164.2463479689,
    1005099.3821140726,
    1005128.7548381452,
    1005148.328471237,
    1005214.0299213263,
    1005191.7906364285,
    1005197.4066481831,
    1005277.9095359205,
    1005244.586806235,
    1005314.0609814307,
    1005321.4585830129,
    1005251.5153008152,
    1005272.6602916432,
    1006933.1560986394,
    1006969.9194089776,
    1009035.1137936992,
    1009104.7580532914,
    1009057.901599153,
    1009043.3363241297,
    1008979.9697628241,
    1009039.1485424765,
    1009030.2989994871,
    1009025.5428484557,
    1009030.7946155152,
    1009020.790521295,
    1008969.2881584229,
    1008976.3660135458,
    1009034.0700119477,
    1008998.9683971665,
    1008972.7896401903,
    1006506.5320713198,
    1006468.8497254823,
    1006533.2418721254,
    1006523.9156061561,
    1006498.2928925524,
    1006526.793371391,
    1006497.0362865344,
    1006479.695932703,
    1006077.9295513426,
    1005824.2517272377
  ]
}