{
  "total_return": 0.001594208086541854,
  "sharpe_ratio": 10.939785164482778,
  "sortino_ratio": 32.71028106135635,
  "calmar_ratio": 64.06719619507776,
  "max_drawdown": 2.488337528752875e-05,
  "max_drawdown_peak_step": 58,
  "max_drawdown_trough_step": 69,
  "current_drawdown": 0.0,
  "volatility": 0.00014561111553944338,
  "win_rate": 0.0,
  "profit_factor": 0.0,
  "num_trades": 1072,
  "benchmark_comparison": {
    "strategy_return": 0.001594208086541854,
    "benchmark_return": 0.08591575946169952,
    "alpha": 0.0015337163756833298,
    "beta": 0.0007040816636846573,
    "information_ratio": -0.7939075384299417,
    "tracking_error": 0.10919472682470795
  },
  "agent_attribution": {
    "coordinator": {
      "agent_id": "coordinator",
      "total_pnl": 154.78882029316395,
      "num_trades": 1072,
      "win_rate": 0.1837686567164179,
      "avg_pnl_per_trade": 0.1443925562436231,
      "contribution_pct": 1.0
    }
  },
  "equity_curve": [
    1000000.0,
    1000000.0,
    1000000.2156686384,
    1000000.3813630816,
    1000000.3818368891,
    1000000.6929500824,
    1000001.857596384,
    1000003.185288044,
    1000003.2543283746,
    1000004.3618944817,
    1000006.2285129492,
    1000006.7757201302,
    1000008.511317017,
    1000010.6534344689,
    1000012.4675581651,
    1000012.4444542514,
    1000012.3479700577,
    1000013.2168500059,
    1000013.8159038781,
    1000013.818143589,
    1000017.7243683039,
    1000028.8506472672,
    1000041.3158604987,
    1000054.2701886933,
    1000065.8847336315,
    1000076.3003593058,
    1000077.1807262215,
    1000077.151182717,
    1000077.5057653585,
    1000077.610494391,
    1000078.250140918,
    1000078.2484173388,
    1000078.1057861523,
    1000078.0456807596,
    1000079.427326807,
    1000079.5519518405,
    1000079.5893152137,
    1000079.3987199508,
    1000079.6463017712,
    1000079.707304582,
    1000072.6891537727,
    1000072.5422041788,
    1000072.7101410481,
    1000072.7780108602,
    1000072.73623982,
    1000072.9335461858,
    1000073.015865794,
    1000072.9384788403,
    1000073.0247410438,
    1000073.1168730053,
    1000073.5516573509,
    1000073.5635550468,
    1000073.4175774943,
    1000073.3673370745,
    1000071.4732075827,
    1000071.7393695697,
    1000071.1380577792,
    1000058.0872482784,
    1000106.7162123346,
    1000103.7713752672,
    1000103.8423403051,
    1000104.0457730751,
    1000104.2404313965,
    1000100.0340173299,
    1000099.9589119907,
    1000100.0442384917,
    1000093.3613303744,
    1000093.2705023375,
    1000093.0111738543,
    1000081.8301815875,
    1000082.3474457283,
    1000082.5149874408,
    1000082.7509350509,
    1000085.3796493425,
    1000093.6219394183,
    1000105.442490618,
    1000120.217511894,
    1000125.5270052784,
    1000125.3311710642,
    1000125.2633332015,
    1000125.4187408076,
    1000124.8880078788,
    1000124.6962586591,
    1000125.2836495626,
    1000124.8973682462,
    1000125.0602824392,
    1000124.7665317839,
    1000124.8279485075,
    1000129.72966288,
    1000165.3482487802,
    1000176.7895735024,
    1000189.2645952514,
    1000203.2766191566,
    1000216.517085329,
    1000227.3217402389,
    1000226.6516165468,
    1000239.9940645305,
    1000240.6578757968,
    1000250.3314740662,
    1000255.9154811421,
    1000258.9225967596,
    1000261.3525241313,
    1000267.00898081,
    1000268.7679094345,
    1000273.0072045171,
    1000274.0172941627,
    1000294.2159203974,
    1000312.2200736327,
    1000341.2611390997,
    1000360.8338436673,
    1000370.8156702789,
    1000394.4889597162,
    1000429.71036854,
    1000449.0883846261,
    1000460.8064266929,
    1000481.6801941113,
    1000487.2853608327,
    1000492.130987176,
    1000506.4328593331,
    1000525.1095837057,
    1000542.5604564858,
    1000560.6171967147,
    1000582.3485307109,
    1000582.4656750655,
    1000593.4327720109,
    1000606.6521336132,
    1000628.3640034251,
    1000668.0913185478,
    1000693.7227722867,
    1000698.7585749794,
    1000703.5111070207,
    1000714.320250819,
    1000733.2082211502,
    1000746.5896700496,
    1000764.1343193304,
    1000780.5942641274,
    1000780.251747666,
    1000786.1478832555,
    1000787.9412889691,
    1000790.6687284407,
    1000792.2616171376,
    1000793.9996087526,
    1000794.0564405038,
    1000794.5898108494,
    1000794.8158273195,
    1000794.8807688999,
    1000795.1358646333,
    1000795.2405325792,
    1000795.063553948,
    1000795.0212550141,
    1000795.2304259813,
    1000795.2940968041,
    1000795.1411729128,
    1000795.2721199024,
    1000795.5105414542,
    1000802.765860065,
    1000802.8750352274,
    1000807.1849472991,
    1000807.2259569119,
    1000808.2845352897,
    1000818.5268811069,
    1000835.5452839356,
    1000853.6091235038,
    1000871.3305692092,
    1000871.3925968948,
    1000871.3436678495,
    1000871.3378004476,
    1000871.1939179932,
    1000871.1122573194,
    1000870.9610884608,
    1000873.6033618939,
    1000873.2743508776,
    1000878.6228158235,
    1000878.5350673964,
    1000891.2477450062,
    1000898.9516899303,
    1000908.0842366357,
    1000916.6594307707,
    1000935.3150065914,
    1000935.4736074508,
    1000945.4409315926,
    1000958.6081906022,
    1000985.3538398553,
    1001007.994137662,
    1001022.6346706258,
    1001049.1253155591,
    1001063.0652178903,
    1001063.2913829777,
    1001078.3669185498,
    1001096.150925296,
    1001117.3424770302,
    1001125.5841315575,
    1001139.2237274384,
    1001150.8319619457,
    1001162.2156628558,
    1001175.5388412923,
    1001180.9930127088,
    1001182.0977925808,
    1001187.9078052058,
    1001195.9389567294,
    1001210.8469091705,
    1001223.6743624563,
    1001232.6770834095,
    1001242.3764414915,
    1001242.559557101,
    1001241.3342903167,
    1001241.4018403237,
    1001241.4668671116,
    1001241.6534377215,
    1001242.4575836996,
    1001242.1979754948,
    1001241.8796434869,
    1001241.936103257,
    1001241.8443051553,
    1001241.4682459626,
    1001241.7701404319,
    1001241.8267820699,
    1001242.7746848422,
    1001242.3968503956,
    1001242.8871837415,
    1001243.9702773647,
    1001243.7091252797,
    1001244.4128252923,
    1001244.5337612665,
    1001244.0054321539,
    1001244.0841093104,
    1001268.1361357861,
    1001277.9665594097,
    1001288.7944341986,
    1001302.3579770637,
    1001322.24103138,
    1001345.4376509282,
    1001356.7211218954,
    1001377.1685320919,
    1001394.4977457791,
    1001404.5181962086,
    1001412.5703290371,
    1001418.9923942742,
    1001424.5041827293,
    1001425.6505671106,
    1001432.037124144,
    1001433.6014253852,
    1001436.4473619738,
    1001424.5933362739,
    1001426.3106832271,
    1001451.5479210927,
    1001479.0850094128,
    1001492.4146559592,
    1001518.6043563201,
    1001548.0624362453,
    1001573.5018441766,
    1001585.8313373004,
    1001594.2080865419
  ]
}