{
  "total_return": 0.0005939308226600988,
  "sharpe_ratio": 10.22470518873455,
  "sortino_ratio": 88.49906267741768,
  "calmar_ratio": 131.75447020623378,
  "max_drawdown": 4.507860884950815e-06,
  "max_drawdown_peak_step": 37,
  "max_drawdown_trough_step": 55,
  "current_drawdown": 9.964218042757037e-07,
  "volatility": 5.807080890711482e-05,
  "win_rate": 0.0,
  "profit_factor": 0.0,
  "num_trades": 638,
  "benchmark_comparison": {
    "strategy_return": 0.0005939308226600988,
    "benchmark_return": 0.29742798326625886,
    "alpha": 0.0005511837572188629,
    "beta": 0.0001437224062504183,
    "information_ratio": -1.6689991134078455,
    "tracking_error": 0.16344313012191514
  },
  "agent_attribution": {
    "coordinator": {
      "agent_id": "coordinator",
      "total_pnl": 103.02794085775746,
      "num_trades": 638,
      "win_rate": 0.31191222570532917,
      "avg_pnl_per_trade": 0.16148580071748816,
      "contribution_pct": 1.0
    }
  },
  "equity_curve": [
    1000000.0,
    1000000.0,
    1000000.1177694985,
    1000000.2404330557,
    1000000.3275948395,
    1000000.327785945,
    1000000.6341147692,
    1000001.1099230768,
    1000001.5593100571,
    1000001.5599121434,
    1000001.5584842066,
    1000001.5612408431,
    1000001.5619042915,
    1000001.5562963693,
    1000001.5435475042,
    1000001.5179782233,
    1000001.5193270758,
    1000001.5137397305,
    1000001.5262632401,
    1000001.5398595282,
    1000010.4631423191,
    1000017.545591497,
    1000029.61047994,
    1000040.2958496765,
    1000040.5796811149,
    1000042.9770871889,
    1000047.353180587,
    1000050.6628500213,
    1000051.0264384607,
    1000051.0165759252,
    1000050.9479097693,
    1000051.1128663331,
    1000051.0435587582,
    1000050.9847937279,
    1000051.4783679795,
    1000054.9866462937,
    1000055.4120011462,
    1000057.6598101018,
    1000057.566853173,
    1000057.6101392554,
    1000056.3304268861,
    1000056.1336121915,
    1000056.401035273,
    1000056.2674601637,
    1000056.0950705074,
    1000056.1048674894,
    1000055.9744362058,
    1000056.063090175,
    1000056.4312215984,
    1000056.4631229908,
    1000056.4042513146,
    1000056.2473775956,
    1000056.4528699343,
    1000056.1189284383,
    1000053.4265861117,
    1000053.1516892945,
    1000053.6355887043,
    1000053.396513708,
    1000072.7039027413,
    1000083.6994819576,
    1000083.7715623468,
    1000083.4716163377,
    1000083.0276708775,
    1000083.4092019228,
    1000082.9922700408,
    1000083.3470807328,
    1000081.6628088948,
    1000081.8404490974,
    1000082.0034731955,
    1000081.7235265507,
    1000081.9860311581,
    1000082.0035415925,
    1000081.9190726144,
    1000081.3734040881,
    1000081.5081634895,
    1000081.7615016438,
    1000082.077146654,
    1000082.0878704571,
    1000081.7473974176,
    1000081.9942359966,
    1000082.0263070661,
    1000081.8475625046,
    1000082.2102426003,
    1000082.7640005377,
    1000083.0328515405,
    1000082.933521111,
    1000082.9221226542,
    1000086.6728048925,
    1000093.2664048118,
    1000097.315727552,
    1000103.1901339857,
    1000109.4742563094,
    1000116.4451277801,
    1000122.1129262521,
    1000128.4315958234,
    1000128.4978298001,
    1000128.2491084405,
    1000128.3363121295,
    1000128.3047426962,
    1000128.3807312277,
    1000128.3087839809,
    1000128.3046212308,
    1000128.4052737893,
    1000128.35921679,
    1000127.986491398,
    1000128.1435100052,
    1000129.6780845806,
    1000129.6397140763,
    1000129.682720674,
    1000135.0444486969,
    1000139.2816073459,
    1000142.6045543405,
    1000149.4724275969,
    1000149.33400252,
    1000156.2793081368,
    1000167.1312937901,
    1000168.8367830965,
    1000175.8812657194,
    1000181.1293067045,
    1000184.2527313592,
    1000187.7085744274,
    1000191.1742323113,
    1000199.9005677215,
    1000205.3578994694,
    1000205.4068642994,
    1000211.9696547787,
    1000214.4795623018,
    1000221.1783414028,
    1000224.3505605689,
    1000228.1801495268,
    1000233.9579105212,
    1000242.6002443914,
    1000252.092802701,
    1000256.9059856914,
    1000260.8030986608,
    1000264.1792699975,
    1000267.3655899661,
    1000269.223302018,
    1000270.6676659583,
    1000272.4770493704,
    1000273.3085829591,
    1000273.3817323382,
    1000273.9419317369,
    1000274.666212256,
    1000275.3010127845,
    1000282.5300667653,
    1000295.2371214086,
    1000308.3840544471,
    1000312.6719072956,
    1000321.3300431366,
    1000322.8213824703,
    1000327.7323188462,
    1000327.7350190151,
    1000331.2193065817,
    1000334.2341755715,
    1000334.2853820694,
    1000335.6822629113,
    1000340.1708497206,
    1000341.6065870421,
    1000343.4729365548,
    1000344.7152423636,
    1000346.0796642115,
    1000349.0531572192,
    1000354.5386143464,
    1000362.7150284917,
    1000369.3737500826,
    1000369.1082266466,
    1000371.3038424852,
    1000373.0601542027,
    1000376.8002204184,
    1000380.4535349912,
    1000380.2359415013,
    1000384.2564625121,
    1000396.4632485309,
    1000408.6590775949,
    1000421.2473614506,
    1000431.5842107784,
    1000443.7836006387,
    1000450.9857317826,
    1000469.7124653619,
    1000481.6855478497,
    1000486.5368298432,
    1000488.422333659,
    1000488.6936860189,
    1000488.5601026987,
    1000488.376528294,
    1000488.6327208519,
    1000489.0149481327,
    1000488.8773249913,
    1000488.8239699153,
    1000488.8477461467,
    1000489.1710940275,
    1000489.0478263779,
    1000488.9949213335,
    1000489.1436288798,
    1000489.5441571769,
    1000489.3394911973,
    1000489.4899512101,
    1000493.6682329357,
    1000502.956259026,
    1000511.512997812,
    1000519.3976957753,
    1000525.3016736076,
    1000532.3420168636,
    1000536.3624870647,
    1000542.4403564206,
    1000542.5038873848,
    1000542.8893655526,
    1000547.4473816785,
    1000548.4582757198,
    1000552.1447130832,
    1000556.5435505603,
    1000560.3696775314,
    1000560.6201434548,
    1000561.1136047274,
    1000561.2574658497,
    1000561.2809367205,
    1000561.1067514451,
    1000561.1595844165,
    1000561.1061067798,
    1000561.309275352,
    1000561.2686166688,
    1000562.1118145642,
    1000562.1370914594,
    1000568.473582953,
    1000578.2869679411,
    1000581.1651353542,
    1000581.2275690532,
    1000581.3486400754,
    1000581.2644612141,
    1000581.1666645167,
    1000581.0145464258,
    1000580.9609775208,
    1000583.884148104,
    1000585.6210679704,
    1000589.0009671592,
    1000590.5492810322,
    1000592.9066950491,
    1000593.9915807272,
    1000594.5798921987,
    1000594.9278372634,
    1000594.1566022215,
    1000594.4114508578,
    1000594.3353325889,
    1000594.3631052148,
    1000594.5925697054,
    1000594.7608588992,
    1000594.2342404048,
    1000594.4600539701,
    1000593.9054382938,
    1000593.9482963092,
    1000593.9322394815,
    1000593.9308226601
  ]
}