{
  "total_return": 0.005053219086430617,
  "sharpe_ratio": 1.87152085085675,
  "sortino_ratio": 3.4687359287482784,
  "calmar_ratio": 3.4399525832733335,
  "max_drawdown": 0.0014689792850639115,
  "max_drawdown_peak_step": 228,
  "max_drawdown_trough_step": 250,
  "current_drawdown": 0.001443820211014337,
  "volatility": 0.0026952277833501752,
  "win_rate": 0.0,
  "profit_factor": 0.0,
  "num_trades": 1323,
  "benchmark_comparison": {
    "strategy_return": 0.005053219086430617,
    "benchmark_return": 0.29742798326625886,
    "alpha": 0.0006968336478480712,
    "beta": 0.014646858008255029,
    "information_ratio": -1.6657868623952337,
    "tracking_error": 0.16108664753607055
  },
  "agent_attribution": {
    "research_risk": {
      "agent_id": "research_risk",
      "total_pnl": 0.0,
      "num_trades": 642,
      "win_rate": 0.0,
      "avg_pnl_per_trade": 0.0,
      "contribution_pct": 0.0
    },
    "research_trader": {
      "agent_id": "research_trader",
      "total_pnl": 144.2461492787031,
      "num_trades": 629,
      "win_rate": 0.31160572337042924,
      "avg_pnl_per_trade": 0.2293261514764755,
      "contribution_pct": 0.7127944076616284
    },
    "research_analyst": {
      "agent_id": "research_analyst",
      "total_pnl": 58.12096770235266,
      "num_trades": 52,
      "win_rate": 0.25,
      "avg_pnl_per_trade": 1.1177109173529358,
      "contribution_pct": 0.2872055923383716
    }
  },
  "equity_curve": [
    1000000.0,
    999999.9143476171,
    1000000.191323903,
    1000000.1324389759,
    999997.9008884534,
    999997.6439957818,
    999997.0710056456,
    999975.5449234679,
    999975.1246311697,
    999974.7030690543,
    999973.1643033677,
    999973.782594373,
    999973.9535401941,
    999973.237053108,
    999973.1436737911,
    999966.4783184633,
    999968.1263421852,
    999966.1631117299,
    999970.2722399322,
    999975.1421770294,
    999976.6382073298,
    999976.1552191866,
    999978.7543319535,
    999981.006540046,
    999974.6768180568,
    999970.5340051587,
    999967.3774483427,
    999970.0583839099,
    999961.8943036175,
    999957.7151455613,
    999954.5432715086,
    999959.317642718,
    999957.7940592739,
    999957.3099452497,
    999958.8848523375,
    999954.893186641,
    999952.9853539898,
    999951.5777378556,
    999939.6553023703,
    999943.7244571446,
    999869.3334789496,
    999864.4062794244,
    999872.5902361808,
    999866.9040225747,
    999859.6190778868,
    999859.7001376578,
    999856.0826176355,
    999859.5745004001,
    999871.8741072513,
    999871.9689001245,
    999873.41380727,
    999865.8934803532,
    999869.0520453638,
    999858.055110882,
    999790.59285325,
    999784.7067141912,
    999793.4680671304,
    999788.4643396642,
    1000342.2238230905,
    1000590.1222410565,
    1000589.5150545241,
    1000578.9906863135,
    1000565.2563492389,
    1000576.6439957652,
    1000567.5980718827,
    1000581.5040534799,
    1000491.4564753621,
    1000500.4491893704,
    1000504.1308680897,
    1000482.5973909226,
    1000499.9649881927,
    1000501.1348778064,
    1000507.2773624171,
    1000483.2070704493,
    1000503.5378577769,
    1000509.7381245863,
    1000520.2596128272,
    1000523.3466091576,
    1000500.0392011941,
    1000520.386666763,
    1000522.441969036,
    1000501.9770536871,
    1000524.501795739,
    1000564.0935199286,
    1000586.0616833403,
    1000585.124649751,
    1000587.3057639343,
    1000574.9373551065,
    1000568.4559241026,
    1000982.877423661,
    1001012.4615724502,
    1001022.3823730979,
    1001049.7069485378,
    1001031.9648530381,
    1001024.367589121,
    1000706.6909226519,
    1000654.2829418323,
    1000675.9605060229,
    1000670.2530982262,
    1000691.6859715065,
    1000678.4209987435,
    1000683.5248697954,
    1000705.2335895161,
    1000702.624807987,
    1000518.2238890472,
    1000534.9592106263,
    1000806.225810521,
    1000804.5226331067,
    1000817.9606209298,
    1000835.5081676615,
    1000634.0141973584,
    1000648.9213014884,
    1000641.9342772341,
    1000632.6476787708,
    1000639.7893372345,
    1001121.7806969774,
    1001001.7306875995,
    1001049.6257679657,
    1001074.1690198786,
    1001078.4582856868,
    1001099.7485567554,
    1001116.0444427548,
    1002100.7249557266,
    1002101.2584046858,
    1002138.3594833327,
    1002110.1353041766,
    1002099.8990287685,
    1003800.8151405151,
    1003778.014881989,
    1003771.6482664772,
    1003749.2264735235,
    1003703.5987587533,
    1003723.178933593,
    1003724.1406538261,
    1003743.3087515048,
    1003693.7558879262,
    1003705.3178567687,
    1003747.3114889845,
    1003817.562756161,
    1003862.0266793071,
    1003805.7425049421,
    1003802.6637420392,
    1003828.7044570618,
    1003789.5870971848,
    1003875.4007280475,
    1004169.9795603965,
    1004129.2147726626,
    1004117.8628064769,
    1004061.2852773644,
    1004024.1971553881,
    1004038.0268028254,
    1004027.7607284996,
    1003993.9235218775,
    1003974.1151751904,
    1003953.5900596293,
    1003955.7310756027,
    1003990.6212564604,
    1004050.3442575042,
    1004000.2553772047,
    1004002.3639335729,
    1004006.7830106933,
    1003988.6787514399,
    1003992.3697510193,
    1003952.5694800356,
    1003961.7393067859,
    1004010.2383945204,
    1003987.5530257393,
    1003957.3258148505,
    1003958.2191122675,
    1003991.4881367515,
    1003992.3371430895,
    1003985.8607779082,
    1004012.6625611805,
    1004637.6795761907,
    1004639.6643065662,
    1004584.3940472687,
    1004628.1233956092,
    1004654.6494739621,
    1004681.8058546463,
    1005044.1324253076,
    1005071.2971629394,
    1005040.5250048774,
    1004939.342416579,
    1004904.863182123,
    1004790.0515595337,
    1004776.6093964203,
    1004858.8684166749,
    1004876.1794341747,
    1004876.0712378467,
    1004854.794874025,
    1004857.0256532022,
    1004888.2916343958,
    1004884.627751102,
    1004881.9466792892,
    1004867.4339277367,
    1004953.18465975,
    1004915.1469121716,
    1004956.9540676139,
    1005041.018051713,
    1005114.1958951242,
    1005110.8469924079,
    1005070.3262368931,
    1005002.8353390339,
    1005061.7081111656,
    1005073.9931267621,
    1005104.5168594021,
    1005113.446472043,
    1005177.6193537841,
    1005237.7150936243,
    1005207.8482876468,
    1005231.331094902,
    1005212.5395322226,
    1005167.4142768192,
    1005112.703990816,
    1005131.8957394761,
    1005185.6691064149,
    1005148.8084459773,
    1005069.3839564666,
    1005062.5618297814,
    1005048.4913984407,
    1005071.1108050181,
    1005082.1151522628,
    1005197.6232731338,
    1005148.3782294148,
    1005719.0465264196,
    1005848.3057403676,
    1006433.3544455217,
    1006500.9986353721,
    1006506.4334175148,
    1006505.969321439,
    1006406.2787242183,
    1006287.6446879737,
    1006271.3169596029,
    1006125.9778394436,
    1006060.1033041286,
    1006241.2415690658,
    1006208.3816384596,
    1006204.8595169078,
    1006133.9605447977,
    1006123.1602201966,
    1006160.0219840684,
    1005250.2409210746,
    1005305.271693658,
    1005356.5297456491,
    1005397.136645304,
    1005192.0789836523,
    1005203.1532619694,
    1005074.7646550257,
    1005147.1741802468,
    1005040.7662111656,
    1005027.8963165409,
    1005040.0058083914,
    1005053.2190864306
  ]
}