{
  "total_return": 0.0003589540622616187,
  "sharpe_ratio": 6.244131090498766,
  "sortino_ratio": 37.92723055561541,
  "calmar_ratio": 62.45701643068723,
  "max_drawdown": 1.206915689906427e-05,
  "max_drawdown_peak_step": 35,
  "max_drawdown_trough_step": 55,
  "current_drawdown": 0.0,
  "volatility": 0.00012070161133478256,
  "win_rate": 0.0,
  "profit_factor": 0.0,
  "num_trades": 303,
  "benchmark_comparison": {
    "strategy_return": 0.0003589540622616187,
    "benchmark_return": 0.06391565330867051,
    "alpha": 0.0003255203376078432,
    "beta": 0.0005230913387102939,
    "information_ratio": -0.8958470427544843,
    "tracking_error": 0.1579693718709388
  },
  "agent_attribution": {
    "coordinator": {
      "agent_id": "coordinator",
      "total_pnl": 115.74085617173235,
      "num_trades": 303,
      "win_rate": 0.22442244224422442,
      "avg_pnl_per_trade": 0.38198302366908365,
      "contribution_pct": 1.0
    }
  },
  "equity_curve": [
    1000000.0,
    1000000.0,
    1000000.3156360673,
    1000000.643553926,
    1000000.8769960165,
    1000000.8771023606,
    1000001.7029632822,
    1000002.9834791055,
    1000004.1919520586,
    1000004.1925362896,
    1000004.190457946,
    1000004.1933562004,
    1000004.1937848084,
    1000004.1873451801,
    1000004.1738160519,
    1000004.1336097228,
    1000004.1039736451,
    1000004.097225303,
    1000004.1100165836,
    1000004.1269318558,
    1000004.1323138457,
    1000011.5962583284,
    1000016.3309207319,
    1000027.4889986323,
    1000027.4485920096,
    1000027.9394238308,
    1000031.418198691,
    1000034.4685778666,
    1000034.4059710387,
    1000034.3861365642,
    1000034.2975855453,
    1000034.4904281744,
    1000034.4163641919,
    1000034.3374026726,
    1000034.4463866808,
    1000034.5531447944,
    1000034.5244433896,
    1000034.4826835392,
    1000034.3437772837,
    1000034.3981746532,
    1000030.6718807681,
    1000030.4367832785,
    1000030.7319205621,
    1000030.5761384862,
    1000030.3642222657,
    1000030.3641265533,
    1000030.2069394779,
    1000030.302692148,
    1000030.7237792908,
    1000030.7609384793,
    1000030.7069792213,
    1000030.5093697053,
    1000030.716532449,
    1000030.3454856282,
    1000022.7727775564,
    1000022.483570868,
    1000024.2587819264,
    1000024.0205603899,
    1000075.0191051608,
    1000104.9967373958,
    1000105.0502493681,
    1000104.6936585379,
    1000104.1903915484,
    1000104.5482765206,
    1000104.0923167367,
    1000104.4903581109,
    1000101.0889383709,
    1000101.2763474472,
    1000101.4379210769,
    1000101.055462009,
    1000101.349913397,
    1000101.3419309387,
    1000101.2601266775,
    1000100.6739498453,
    1000100.8130790018,
    1000101.0687924256,
    1000101.4101978125,
    1000101.4267765548,
    1000101.0264520355,
    1000101.3001552416,
    1000101.3423583898,
    1000101.1456909495,
    1000101.5750302012,
    1000102.2036570447,
    1000102.503224317,
    1000102.4091957869,
    1000102.3946445845,
    1000102.1422775275,
    1000112.2608371552,
    1000122.5212456497,
    1000137.8747810967,
    1000154.4833512262,
    1000173.0144221993,
    1000188.6871940315,
    1000205.6154671159,
    1000205.6784694978,
    1000205.2843435683,
    1000205.3624155759,
    1000205.325614728,
    1000205.3902482998,
    1000205.3074061408,
    1000205.3057964995,
    1000205.4093956526,
    1000205.3384626247,
    1000204.5847646714,
    1000204.7419277995,
    1000208.56235467,
    1000208.513513938,
    1000208.5601257391,
    1000218.7231159051,
    1000230.2092907554,
    1000239.138647222,
    1000257.5575696726,
    1000257.4209582531,
    1000276.1787032883,
    1000306.3591798741,
    1000310.3802585744,
    1000328.2594295526,
    1000341.9989811765,
    1000350.1885647044,
    1000358.9540622616
  ]
}