{
  "total_return": 0.00059332717692398,
  "sharpe_ratio": 10.21251257210955,
  "sortino_ratio": 88.42579685054625,
  "calmar_ratio": 131.6204811834346,
  "max_drawdown": 4.507863605946568e-06,
  "max_drawdown_peak_step": 37,
  "max_drawdown_trough_step": 55,
  "current_drawdown": 9.96422405404212e-07,
  "volatility": 5.808106560713899e-05,
  "win_rate": 0.0,
  "profit_factor": 0.0,
  "num_trades": 642,
  "benchmark_comparison": {
    "strategy_return": 0.00059332717692398,
    "benchmark_return": 0.29742798326625886,
    "alpha": 0.0005505716336787921,
    "beta": 0.00014375090997040764,
    "information_ratio": -1.6690028518895845,
    "tracking_error": 0.1634431254839811
  },
  "agent_attribution": {
    "coordinator": {
      "agent_id": "coordinator",
      "total_pnl": 103.0241822301599,
      "num_trades": 642,
      "win_rate": 0.3099688473520249,
      "avg_pnl_per_trade": 0.16047380409682227,
      "contribution_pct": 1.0
    }
  },
  "equity_curve": [
    1000000.0,
    1000000.0,
    1000000.1177694985,
    1000000.2404330557,
    1000000.3275948395,
    1000000.327785945,
    1000000.6341147692,
    1000001.1098312847,
    1000001.5590199848,
    1000001.5598656664,
    1000001.5579912802,
    1000001.5612606974,
    1000001.5621360983,
    1000001.5549014382,
    1000001.5395744162,
    1000001.5083848522,
    1000001.5088445265,
    1000001.5025773842,
    1000001.5167527271,
    1000001.5325371501,
    1000010.456787756,
    1000017.5385084802,
    1000029.6035331839,
    1000040.2878069503,
    1000040.5690006642,
    1000042.968989876,
    1000047.3442501635,
    1000050.658136856,
    1000051.0190926595,
    1000051.009459591,
    1000050.9420921026,
    1000051.1096759409,
    1000051.0421407073,
    1000050.9823153091,
    1000051.0863410825,
    1000054.3830005575,
    1000054.8083554101,
    1000057.0561643657,
    1000056.9632074368,
    1000057.0064935193,
    1000055.72678115,
    1000055.5299664554,
    1000055.7973895369,
    1000055.6638144276,
    1000055.4914247713,
    1000055.5012217533,
    1000055.3707904697,
    1000055.4594444389,
    1000055.8275758623,
    1000055.8594772547,
    1000055.8006055785,
    1000055.6437318595,
    1000055.8492241981,
    1000055.5152827022,
    1000052.8229403755,
    1000052.5480435584,
    1000053.0319429681,
    1000052.7928679719,
    1000072.1002570052,
    1000083.0958362215,
    1000083.1679166107,
    1000082.8679706015,
    1000082.4240251414,
    1000082.8055561867,
    1000082.3886243047,
    1000082.7434349967,
    1000081.0591631586,
    1000081.2368033613,
    1000081.3998274594,
    1000081.1198808146,
    1000081.382385422,
    1000081.3998958564,
    1000081.3154268783,
    1000080.769758352,
    1000080.9045177534,
    1000081.1578559077,
    1000081.4735009179,
    1000081.484224721,
    1000081.1437516814,
    1000081.3905902605,
    1000081.42266133,
    1000081.2439167685,
    1000081.6065968642,
    1000082.1603548016,
    1000082.4292058044,
    1000082.3298753749,
    1000082.318476918,
    1000086.0691591564,
    1000092.6627590756,
    1000096.7120818159,
    1000102.5864882496,
    1000108.8706105733,
    1000115.841482044,
    1000121.509280516,
    1000127.8279500873,
    1000127.894184064,
    1000127.6454627044,
    1000127.7326663934,
    1000127.7010969601,
    1000127.7770854916,
    1000127.7051382448,
    1000127.7009754947,
    1000127.8016280532,
    1000127.7555710538,
    1000127.3828456618,
    1000127.5398642691,
    1000129.0744388445,
    1000129.0360683402,
    1000129.0790749379,
    1000134.4408029608,
    1000138.6779616098,
    1000142.0009086044,
    1000148.8687818608,
    1000148.7303567838,
    1000155.6756624007,
    1000166.527648054,
    1000168.2331373604,
    1000175.2776199833,
    1000180.5256609684,
    1000183.6490856231,
    1000187.1049286913,
    1000190.5705865752,
    1000199.2969219853,
    1000204.7542537333,
    1000204.8032185633,
    1000211.3660090426,
    1000213.8759165657,
    1000220.5746956667,
    1000223.7469148327,
    1000227.5765037907,
    1000233.3542647851,
    1000241.9965986552,
    1000251.4891569649,
    1000256.3023399552,
    1000260.1994529247,
    1000263.5756242614,
    1000266.76194423,
    1000268.6196562819,
    1000270.0640202222,
    1000271.8734036343,
    1000272.704937223,
    1000272.7780866021,
    1000273.3382860008,
    1000274.0625665198,
    1000274.6973670484,
    1000281.9264210291,
    1000294.6334756725,
    1000307.7804087109,
    1000312.0682615595,
    1000320.7263974005,
    1000322.2177367342,
    1000327.12867311,
    1000327.131373279,
    1000330.6156608455,
    1000333.6305298354,
    1000333.6817363333,
    1000335.0786171752,
    1000339.5672039845,
    1000341.002941306,
    1000342.8692908187,
    1000344.1115966275,
    1000345.4760184754,
    1000348.4495114831,
    1000353.9349686103,
    1000362.1113827556,
    1000368.7701043464,
    1000368.5045809104,
    1000370.7001967491,
    1000372.4565084666,
    1000376.1965746823,
    1000379.8498892551,
    1000379.6322957652,
    1000383.652816776,
    1000395.8596027947,
    1000408.0554318588,
    1000420.6437157145,
    1000430.9805650422,
    1000443.1799549026,
    1000450.3820860465,
    1000469.1088196258,
    1000481.0819021136,
    1000485.9331841071,
    1000487.8186879229,
    1000488.0900402828,
    1000487.9564569626,
    1000487.7728825578,
    1000488.0290751158,
    1000488.4113023966,
    1000488.2736792552,
    1000488.2203241792,
    1000488.2441004106,
    1000488.5674482913,
    1000488.4441806418,
    1000488.3912755974,
    1000488.5399831437,
    1000488.9405114407,
    1000488.7358454611,
    1000488.886305474,
    1000493.0645871996,
    1000502.3526132898,
    1000510.9093520759,
    1000518.7940500391,
    1000524.6980278714,
    1000531.7383711275,
    1000535.7588413286,
    1000541.8367106845,
    1000541.9002416487,
    1000542.2857198165,
    1000546.8437359424,
    1000547.8546299837,
    1000551.541067347,
    1000555.9399048241,
    1000559.7660317953,
    1000560.0164977186,
    1000560.5099589913,
    1000560.6538201136,
    1000560.6772909844,
    1000560.503105709,
    1000560.5559386804,
    1000560.5024610437,
    1000560.7056296159,
    1000560.6649709326,
    1000561.5081688281,
    1000561.5334457232,
    1000567.8699372169,
    1000577.683322205,
    1000580.561489618,
    1000580.6239233171,
    1000580.7449943393,
    1000580.660815478,
    1000580.5630187806,
    1000580.4109006897,
    1000580.3573317847,
    1000583.2805023679,
    1000585.0174222343,
    1000588.397321423,
    1000589.945635296,
    1000592.303049313,
    1000593.387934991,
    1000593.9762464626,
    1000594.3241915273,
    1000593.5529564854,
    1000593.8078051216,
    1000593.7316868528,
    1000593.7594594787,
    1000593.9889239693,
    1000594.1572131631,
    1000593.6305946687,
    1000593.856408234,
    1000593.3017925577,
    1000593.3446505731,
    1000593.3285937454,
    1000593.327176924
  ]
}