{
  "total_return": 0.0003589232892023865,
  "sharpe_ratio": 6.237356944387488,
  "sortino_ratio": 37.45464678789515,
  "calmar_ratio": 62.24022960456647,
  "max_drawdown": 1.2110156278564097e-05,
  "max_drawdown_peak_step": 35,
  "max_drawdown_trough_step": 55,
  "current_drawdown": 0.0,
  "volatility": 0.00012082234588745137,
  "win_rate": 0.0,
  "profit_factor": 0.0,
  "num_trades": 307,
  "benchmark_comparison": {
    "strategy_return": 0.0003589232892023865,
    "benchmark_return": 0.06391565330867051,
    "alpha": 0.0003254089478882066,
    "beta": 0.0005243526363147345,
    "information_ratio": -0.8958485727608362,
    "tracking_error": 0.15796917417202272
  },
  "agent_attribution": {
    "coordinator": {
      "agent_id": "coordinator",
      "total_pnl": 115.71521434990467,
      "num_trades": 307,
      "win_rate": 0.22149837133550487,
      "avg_pnl_per_trade": 0.37692252231239304,
      "contribution_pct": 1.0
    }
  },
  "equity_curve": [
    1000000.0,
    1000000.0,
    1000000.3156360673,
    1000000.643553926,
    1000000.8769960165,
    1000000.8771023606,
    1000001.7029632822,
    1000002.9832393047,
    1000004.1914194379,
    1000004.1921199985,
    1000004.1895754249,
    1000004.1930101124,
    1000004.1936604752,
    1000004.1855218663,
    1000004.1692098646,
    1000004.120791741,
    1000004.082649528,
    1000004.0752075979,
    1000004.0896866196,
    1000004.1088337479,
    1000004.1152009197,
    1000011.5784052308,
    1000016.3132066173,
    1000027.4701700713,
    1000027.4270777847,
    1000027.9205474263,
    1000031.3984742305,
    1000034.4531521177,
    1000034.3878737289,
    1000034.3682731239,
    1000034.281043701,
    1000034.4765561372,
    1000034.4042885795,
    1000034.32425476,
    1000034.4333498706,
    1000034.5392327051,
    1000034.5089089404,
    1000034.4684390076,
    1000034.3270787887,
    1000034.3825510353,
    1000030.6302501562,
    1000030.3962813652,
    1000030.6891889394,
    1000030.5306534661,
    1000030.31822318,
    1000030.318232191,
    1000030.1603572442,
    1000030.25560152,
    1000030.6755202055,
    1000030.7099354451,
    1000030.6566272894,
    1000030.4579882222,
    1000030.6655377229,
    1000030.2909100623,
    1000022.719191428,
    1000022.4286581511,
    1000024.2211024774,
    1000023.981136306,
    1000075.0987292265,
    1000105.0772009278,
    1000105.1310966499,
    1000104.7745587556,
    1000104.2706323141,
    1000104.631859929,
    1000104.1756166278,
    1000104.5736299958,
    1000101.1175418628,
    1000101.3059367357,
    1000101.468006305,
    1000101.087303629,
    1000101.3828637976,
    1000101.3766647368,
    1000101.2957293381,
    1000100.7079373592,
    1000100.8503072319,
    1000101.107030623,
    1000101.4484557479,
    1000101.4650532648,
    1000101.0645348146,
    1000101.3399827958,
    1000101.3815484542,
    1000101.1819273798,
    1000101.6098508255,
    1000102.2390565943,
    1000102.5391572729,
    1000102.4430040932,
    1000102.428104095,
    1000102.1750557295,
    1000112.2943727341,
    1000122.6077987974,
    1000137.9635633776,
    1000154.5717539912,
    1000173.1042426268,
    1000188.7710398511,
    1000205.701951906,
    1000205.7647813872,
    1000205.371031127,
    1000205.4505267973,
    1000205.4125334474,
    1000205.4795256048,
    1000205.3973550699,
    1000205.3949265333,
    1000205.498693191,
    1000205.4317640741,
    1000204.5897298162,
    1000204.7472455822,
    1000208.5927536234,
    1000208.543807671,
    1000208.5882809302,
    1000218.7530579604,
    1000230.2388487062,
    1000239.1680657591,
    1000257.5886133336,
    1000257.449764684,
    1000276.2056988823,
    1000306.3840970491,
    1000310.3497483192,
    1000328.228182588,
    1000341.9674529461,
    1000350.1576598983,
    1000358.9232892024
  ]
}